,tag_in,count,dot_check,tag_splits
0,$chuckable,66,False,[u'$chuckable']
1,$chuckable(2016),3,False,[u'$chuckable(2016)']
2,$read-often,4,False,[u'$read-often']
3,$rr,50,False,[u'$rr']
4,&amp;,1,False,[u'']
5,&amp;amp;advice,2,False,[u'advice']
6,&amp;amp;article,5,False,[u'article']
7,&amp;amp;blog,2,False,[u'blog']
8,&amp;amp;book,2,False,[u'book']
9,&amp;amp;book-review,1,False,[u'book-review']
10,&amp;amp;cheat-sheets,2,False,[u'cheat-sheets']
11,&amp;amp;class,3,False,[u'class']
12,&amp;amp;course,1,False,[u'course']
13,&amp;amp;documentation,2,False,[u'documentation']
14,&amp;amp;explainer,1,False,[u'explainer']
15,&amp;amp;guide,2,False,[u'guide']
16,&amp;amp;how-to,3,False,[u'how-to']
17,&amp;amp;inspiration,1,False,[u'inspiration']
18,&amp;amp;list,1,False,[u'list']
19,&amp;amp;long-article,2,False,[u'long-article']
20,&amp;amp;manual,3,False,[u'manual']
21,&amp;amp;merchant,1,False,[u'merchant']
22,&amp;amp;op_inst,1,False,[u'op_inst']
23,&amp;amp;paper,1,False,[u'paper']
24,&amp;amp;pdf,1,False,[u'pdf']
25,&amp;amp;prank,1,False,[u'prank']
26,&amp;amp;present,1,False,[u'present']
27,&amp;amp;presentation,2,False,[u'presentation']
28,&amp;amp;primer,4,False,[u'primer']
29,&amp;amp;project,7,False,[u'project']
30,&amp;amp;r-package,5,False,[u'r-package']
31,&amp;amp;reading-list,1,False,[u'reading-list']
32,&amp;amp;recipe,2,False,[u'recipe']
33,&amp;amp;reference,13,False,[u'reference']
34,&amp;amp;repo,1,False,[u'repo']
35,&amp;amp;review,2,False,[u'review']
36,&amp;amp;share,1,False,[u'share']
37,&amp;amp;syllabus,2,False,[u'syllabus']
38,&amp;amp;textbook,1,False,[u'textbook']
39,&amp;amp;tip,1,False,[u'tip']
40,&amp;amp;tips,6,False,[u'tips']
41,&amp;amp;tool,2,False,[u'tool']
42,&amp;amp;tutorial,13,False,[u'tutorial']
43,&amp;amp;utility,4,False,[u'utility']
44,&amp;amp;video,5,False,[u'video']
45,&amp;amp;webapp,3,False,[u'webapp']
46,&amp;amp;wiki,1,False,[u'wiki']
47,&amp;amp;wikipedia,1,False,[u'wikipedia']
48,&amp;article,7,False,[u'article']
49,&amp;bio,2,False,[u'bio']
50,&amp;blog,1,False,[u'blog']
51,&amp;cheat_sheet,1,False,[u'cheat_sheet']
52,&amp;class,1,False,[u'class']
53,&amp;coding-challenge,1,False,[u'coding-challenge']
54,&amp;docs,3,False,[u'docs']
55,&amp;documentary,2,False,[u'documentary']
56,&amp;documentation,1,False,[u'documentation']
57,&amp;essay,1,False,[u'essay']
58,&amp;how-to,1,False,[u'how-to']
59,&amp;inspiration,1,False,[u'inspiration']
60,&amp;journal,1,False,[u'journal']
61,&amp;long-article,2,False,[u'long-article']
62,&amp;manual,3,False,[u'manual']
63,&amp;op_inst,21,False,[u'op_inst']
64,&amp;opinion,1,False,[u'opinion']
65,&amp;package,1,False,[u'package']
66,&amp;primer,6,False,[u'primer']
67,&amp;reading-list,1,False,[u'reading-list']
68,&amp;recipe,3,False,[u'recipe']
69,&amp;reference,1,False,[u'reference']
70,&amp;review,3,False,[u'review']
71,&amp;series,4,False,[u'series']
72,&amp;tip,6,False,[u'tip']
73,&amp;tips,14,False,[u'tips']
74,&amp;tool,3,False,[u'tool']
75,&amp;tutorial,24,False,[u'tutorial']
76,&amp;util,8,False,[u'util']
77,&amp;utility,1,False,[u'utility']
78,&amp;video,2,False,[u'video']
79,&amp;webapp,1,False,[u'webapp']
80,&amp;webinar,1,False,[u'webinar']
81,&amp;whitepapaer,1,False,[u'whitepapaer']
82,&amp;wiki,1,False,[u'wiki']
83,&article,1,False,[u'&article']
84,&explainer,1,False,[u'&explainer']
85,&guide,2,False,[u'&guide']
86,&image,3,False,[u'&image']
87,&inspiration,1,False,[u'&inspiration']
88,&list-of-lists,1,False,[u'&list-of-lists']
89,&photo,3,False,[u'&photo']
90,&primer,1,False,[u'&primer']
91,&qotd,1,False,[u'&qotd']
92,&reading-list,1,False,[u'&reading-list']
93,&recipe,1,False,[u'&recipe']
94,&reference,5,False,[u'&reference']
95,&review,1,False,[u'&review']
96,&tips,8,False,[u'&tips']
97,&tutorial,3,False,[u'&tutorial']
98,&util,2,False,[u'&util']
99,&utility,5,False,[u'&utility']
100,&video,1,False,[u'&video']
101,.someday,1,True,[u'someday']
102,1950s,1,False,[u'1950s']
103,1960s,1,False,[u'1960s']
104,1970s,1,False,[u'1970s']
105,2011,1,False,[u'2011']
106,2014,1,False,[u'2014']
107,2015,1,False,[u'2015']
108,2015-05,1,False,[u'2015-05']
109,2015-06),1,False,[u'2015-06)']
110,2015-07,1,False,[u'2015-07']
111,2016,1,False,[u'2016']
112,2048,1,False,[u'2048']
113,3d,2,False,[u'3d']
114,3d-model,2,False,[u'3d-model']
115,6th,2,False,[u'6th']
116,@HoH,2,False,[u'@HoH']
117,@apropos(mcchesney),1,False,[u'@apropos(mcchesney)']
118,@author(Clement-Levallois),1,False,[u'@author(Clement-Levallois)']
119,@author(John-Cook),1,False,[u'@author(John-Cook)']
120,@author(Neal-Stephenson),1,False,[u'@author(Neal-Stephenson)']
121,@author(Tibshirani),1,False,[u'@author(Tibshirani)']
122,@author(Wilds-Ross),1,False,[u'@author(Wilds-Ross)']
123,@author(brad-delong),1,False,[u'@author(brad-delong)']
124,@author(dan-carlin),1,False,[u'@author(dan-carlin)']
125,@author(daniel-schiffman),1,False,[u'@author(daniel-schiffman)']
126,@author(get-rich-slowly),1,False,[u'@author(get-rich-slowly)']
127,@author(hyndman),2,False,[u'@author(hyndman)']
128,@author(jake-van-der-plas),3,False,[u'@author(jake-van-der-plas)']
129,@author(joel-spolesky),3,False,[u'@author(joel-spolesky)']
130,@author(max-kuhn),1,False,[u'@author(max-kuhn)']
131,@author(randy-carnevale),1,False,[u'@author(randy-carnevale)']
132,@author(richard-stahlman),1,False,[u'@author(richard-stahlman)']
133,@author(terry-gilliam),1,False,[u'@author(terry-gilliam)']
134,@author(vi-hart),3,False,[u'@author(vi-hart)']
135,@blog,4,False,[u'@blog']
136,@curriculum,309,False,[u'@curriculum']
137,@do,17,False,[u'@do']
138,@do(200rsd),4,False,[u'@do(200rsd)']
139,@do(2015-05-09),1,False,[u'@do(2015-05-09)']
140,@do(SWC,1,False,[u'@do(SWC']
141,@do(eventually),1,False,[u'@do(eventually)']
142,@do(iphone),1,False,[u'@do(iphone)']
143,@do(k),2,False,[u'@do(k)']
144,@do(mac),1,False,[u'@do(mac)']
145,@do(subscribe,1,False,[u'@do(subscribe']
146,@download,1,False,[u'@download']
147,@due(2015-04-09),1,False,[u'@due(2015-04-09)']
148,@evaluate,115,False,[u'@evaluate']
149,@family,1,False,[u'@family']
150,@folllow,1,False,[u'@folllow']
151,@get,8,False,[u'@get']
152,@learn,1,False,[u'@learn']
153,@night,1,False,[u'@night']
154,@print,1,False,[u'@print']
155,@project(mars-photo-fun),2,False,[u'@project(mars-photo-fun)']
156,@project(pinboard-tags),1,False,[u'@project(pinboard-tags)']
157,@project(server),2,False,[u'@project(server)']
158,@project(time-series-classification),1,False,[u'@project(time-series-classification)']
159,@read,5,False,[u'@read']
160,@read(now),4,False,[u'@read(now)']
161,@share,83,False,[u'@share']
162,@share(Clark6),1,False,[u'@share(Clark6)']
163,@share(Parker),1,False,[u'@share(Parker)']
164,@share(arthur),1,False,[u'@share(arthur)']
165,@share(cricket),1,False,[u'@share(cricket)']
166,@share(dad),8,False,[u'@share(dad)']
167,@share(jan),1,False,[u'@share(jan)']
168,@share(jill),24,False,[u'@share(jill)']
169,@share(julian),140,False,[u'@share(julian)']
170,@share(k),18,False,[u'@share(k)']
171,@share(kpmg-brad),1,False,[u'@share(kpmg-brad)']
172,@share(kpmg-lh),1,False,[u'@share(kpmg-lh)']
173,@share(sreek),1,False,[u'@share(sreek)']
174,@share(steven),2,False,[u'@share(steven)']
175,@share(yuan),2,False,[u'@share(yuan)']
176,@try,97,False,[u'@try']
177,@try(200rsd),7,False,[u'@try(200rsd)']
178,@try(iphone),1,False,[u'@try(iphone)']
179,@try(k),4,False,[u'@try(k)']
180,@try(mac),2,False,[u'@try(mac)']
181,@try(meade),1,False,[u'@try(meade)']
182,@try(python),1,False,[u'@try(python)']
183,@try(rstudio),2,False,[u'@try(rstudio)']
184,@try(soon),3,False,[u'@try(soon)']
185,@try(sublime-text),1,False,[u'@try(sublime-text)']
186,@watch,1,False,[u'@watch']
187,Bootcamp,1,False,[u'Bootcamp']
188,Delphi-method,1,False,[u'Delphi-method']
189,FRB,1,False,[u'FRB']
190,FSB,1,False,[u'FSB']
191,Fed,2,False,[u'Fed']
192,Gamasutra,2,False,[u'Gamasutra']
193,Greg_Wilson,1,False,[u'Greg_Wilson']
194,HR,2,False,[u'HR']
195,Hyndman,4,False,[u'Hyndman']
196,June-12,1,False,[u'June-12']
197,Kullback-Leible,1,False,[u'Kullback-Leible']
198,LIME,1,False,[u'LIME']
199,Latent-dirichlet-allocation,1,False,[u'Latent-dirichlet-allocation']
200,Monash,1,False,[u'Monash']
201,NAS,1,False,[u'NAS']
202,NIST,2,False,[u'NIST']
203,Qt,1,False,[u'Qt']
204,RESPA,1,False,[u'RESPA']
205,RNewsFlow,2,False,[u'RNewsFlow']
206,RPA,1,False,[u'RPA']
207,TILA,1,False,[u'TILA']
208,TLAC,1,False,[u'TLAC']
209,TPOT,1,False,[u'TPOT']
210,TRID,2,False,[u'TRID']
211,TRS-80,2,False,[u'TRS-80']
212,Total-Loss-Absorbing-Capital,1,False,[u'Total-Loss-Absorbing-Capital']
213,VBA,2,False,[u'VBA']
214,Varian,1,False,[u'Varian']
215,_ap,1,False,[u'_ap']
216,_app,128,False,[u'_app']
217,_app.firefox,1,True,"[u'_app', u'firefox']"
218,_app.pythonista.scene,1,True,"[u'_app', u'pythonista', u'scene']"
219,_app.spark,1,True,"[u'_app', u'spark']"
220,_app.terminal,1,True,"[u'_app', u'terminal']"
221,_app.video-editor,1,True,"[u'_app', u'video-editor']"
222,_biz,1,False,[u'_biz']
223,_coms,338,False,[u'_coms']
224,_coms.api,1,True,"[u'_coms', u'api']"
225,_coms.best-practices,3,True,"[u'_coms', u'best-practices']"
226,_coms.cluster,1,True,"[u'_coms', u'cluster']"
227,_coms.documentation,1,True,"[u'_coms', u'documentation']"
228,_coms.hpc,1,True,"[u'_coms', u'hpc']"
229,_coms.lang.bash,4,True,"[u'_coms', u'lang', u'bash']"
230,_coms.lang.bash.tmux,1,True,"[u'_coms', u'lang', u'bash', u'tmux']"
231,_coms.lang.javascript,7,True,"[u'_coms', u'lang', u'javascript']"
232,_coms.lang.javascript.d3,1,True,"[u'_coms', u'lang', u'javascript', u'd3']"
233,_coms.lang.julia,1,True,"[u'_coms', u'lang', u'julia']"
234,_coms.lang.lisp,1,True,"[u'_coms', u'lang', u'lisp']"
235,_coms.lang.python,4,True,"[u'_coms', u'lang', u'python']"
236,_coms.lang.python.ipython-notebook,1,True,"[u'_coms', u'lang', u'python', u'ipython-notebook']"
237,_coms.lang.python.jupyter,2,True,"[u'_coms', u'lang', u'python', u'jupyter']"
238,_coms.lang.python.pandas,1,True,"[u'_coms', u'lang', u'python', u'pandas']"
239,_coms.lang.python.pandas.categorical,1,True,"[u'_coms', u'lang', u'python', u'pandas', u'categorical']"
240,_coms.lang.python.seaborne,1,True,"[u'_coms', u'lang', u'python', u'seaborne']"
241,_coms.lang.python.virtualenv,1,True,"[u'_coms', u'lang', u'python', u'virtualenv']"
242,_coms.lang.wolfram,1,True,"[u'_coms', u'lang', u'wolfram']"
243,_coms.mashup,1,True,"[u'_coms', u'mashup']"
244,_coms.parallel,3,True,"[u'_coms', u'parallel']"
245,_coms.project.orery,1,True,"[u'_coms', u'project', u'orery']"
246,_coms.python.pytest,1,True,"[u'_coms', u'python', u'pytest']"
247,_coms.python.scipy,1,True,"[u'_coms', u'python', u'scipy']"
248,_coms.regex,1,True,"[u'_coms', u'regex']"
249,_coms.webdev,1,True,"[u'_coms', u'webdev']"
250,_coms.webdev.css,4,True,"[u'_coms', u'webdev', u'css']"
251,_conf,1,False,[u'_conf']
252,_data,38,False,[u'_data']
253,_data.census,1,True,"[u'_data', u'census']"
254,_dmm,2,False,[u'_dmm']
255,_dmml,408,False,[u'_dmml']
256,_dmml.ab-testing,1,True,"[u'_dmml', u'ab-testing']"
257,_dmml.awesome,2,True,"[u'_dmml', u'awesome']"
258,_dmml.business,1,True,"[u'_dmml', u'business']"
259,_dmml.classifier,2,True,"[u'_dmml', u'classifier']"
260,_dmml.cluster.visualization,4,True,"[u'_dmml', u'cluster', u'visualization']"
261,_dmml.cool,5,True,"[u'_dmml', u'cool']"
262,_dmml.cross-validation,1,True,"[u'_dmml', u'cross-validation']"
263,_dmml.customer-segmentation,1,True,"[u'_dmml', u'customer-segmentation']"
264,_dmml.data,1,True,"[u'_dmml', u'data']"
265,_dmml.dataframe,1,True,"[u'_dmml', u'dataframe']"
266,_dmml.decision-theory,2,True,"[u'_dmml', u'decision-theory']"
267,_dmml.distributed,1,True,"[u'_dmml', u'distributed']"
268,_dmml.eda,1,True,"[u'_dmml', u'eda']"
269,_dmml.feature-engineering,1,True,"[u'_dmml', u'feature-engineering']"
270,_dmml.forecast,1,True,"[u'_dmml', u'forecast']"
271,_dmml.gam,1,True,"[u'_dmml', u'gam']"
272,_dmml.industry,3,True,"[u'_dmml', u'industry']"
273,_dmml.model-selection,2,True,"[u'_dmml', u'model-selection']"
274,_dmml.network,4,True,"[u'_dmml', u'network']"
275,_dmml.nlp.qda,1,True,"[u'_dmml', u'nlp', u'qda']"
276,_dmml.pca,1,True,"[u'_dmml', u'pca']"
277,_dmml.random-forest,1,True,"[u'_dmml', u'random-forest']"
278,_dmml.roc,1,True,"[u'_dmml', u'roc']"
279,_dmml.semi-supervised,1,True,"[u'_dmml', u'semi-supervised']"
280,_dmml.story-telling,1,True,"[u'_dmml', u'story-telling']"
281,_dmml.surveilance,1,True,"[u'_dmml', u'surveilance']"
282,_dmml.tools,1,True,"[u'_dmml', u'tools']"
283,_dmml.tools.google-forms,2,True,"[u'_dmml', u'tools', u'google-forms']"
284,_dmml.trading,1,True,"[u'_dmml', u'trading']"
285,_dmml.wrangle,1,True,"[u'_dmml', u'wrangle']"
286,_dmmm,4,False,[u'_dmmm']
287,_eco,1,False,[u'_eco']
288,_econ,10,False,[u'_econ']
289,_econ.federal-reserve,1,True,"[u'_econ', u'federal-reserve']"
290,_econ.fomc,2,True,"[u'_econ', u'fomc']"
291,_econ.inflation,1,True,"[u'_econ', u'inflation']"
292,_econ.labor.part-time,1,True,"[u'_econ', u'labor', u'part-time']"
293,_econ.labor.presidents,1,True,"[u'_econ', u'labor', u'presidents']"
294,_econ.macro,1,True,"[u'_econ', u'macro']"
295,_econ.policy,1,True,"[u'_econ', u'policy']"
296,_econ.utility,1,True,"[u'_econ', u'utility']"
297,_fin,26,False,[u'_fin']
298,_fin.mortgage,1,True,"[u'_fin', u'mortgage']"
299,_fin.prepayment,1,True,"[u'_fin', u'prepayment']"
300,_games,6,False,[u'_games']
301,_history,2,False,[u'_history']
302,_julian,2,False,[u'_julian']
303,_lit.poetry,1,True,"[u'_lit', u'poetry']"
304,_math,49,False,[u'_math']
305,_math.linalg,1,True,"[u'_math', u'linalg']"
306,_math.number_theory,1,True,"[u'_math', u'number_theory']"
307,_math.prime-numbers,1,True,"[u'_math', u'prime-numbers']"
308,_meme,1,False,[u'_meme']
309,_muse,43,False,[u'_muse']
310,_people,1,False,[u'_people']
311,_pol,1,False,[u'_pol']
312,_reg,2,False,[u'_reg']
313,_sci,22,False,[u'_sci']
314,_sci.astro,2,True,"[u'_sci', u'astro']"
315,_sci.astro.mars,1,True,"[u'_sci', u'astro', u'mars']"
316,_sci.astro.orery,1,True,"[u'_sci', u'astro', u'orery']"
317,_sci.astro.pluto,1,True,"[u'_sci', u'astro', u'pluto']"
318,_shopping,1,False,[u'_shopping']
319,_stat,259,False,[u'_stat']
320,_stat.causal,1,True,"[u'_stat', u'causal']"
321,_stat.control-chart,1,True,"[u'_stat', u'control-chart']"
322,_stat.corr,2,True,"[u'_stat', u'corr']"
323,_stat.covariance,1,True,"[u'_stat', u'covariance']"
324,_stat.entropy,1,True,"[u'_stat', u'entropy']"
325,_stat.forecast,1,True,"[u'_stat', u'forecast']"
326,_stat.gam,1,True,"[u'_stat', u'gam']"
327,_stat.glm,2,True,"[u'_stat', u'glm']"
328,_stat.nonparametric,1,True,"[u'_stat', u'nonparametric']"
329,_stat.pca,1,True,"[u'_stat', u'pca']"
330,_stat.r,15,True,"[u'_stat', u'r']"
331,_stat.r.ggmap,1,True,"[u'_stat', u'r', u'ggmap']"
332,_stat.r.nlp,1,True,"[u'_stat', u'r', u'nlp']"
333,_stat.r.plot,1,True,"[u'_stat', u'r', u'plot']"
334,_stat.r.roc,1,True,"[u'_stat', u'r', u'roc']"
335,_stat.r.sem,1,True,"[u'_stat', u'r', u'sem']"
336,_stat.r.smoothing,1,True,"[u'_stat', u'r', u'smoothing']"
337,_stat.sem,1,True,"[u'_stat', u'sem']"
338,_stat.survival.analysis,1,True,"[u'_stat', u'survival', u'analysis']"
339,_stat.ts.kalman-filter,1,True,"[u'_stat', u'ts', u'kalman-filter']"
340,_viz,1,False,[u'_viz']
341,_viz.dendrogram,1,True,"[u'_viz', u'dendrogram']"
342,_viz.waterfall-plot,1,True,"[u'_viz', u'waterfall-plot']"
343,_webapp,2,False,[u'_webapp']
344,a-priori-algorithm,1,False,[u'a-priori-algorithm']
345,ab-testing,5,False,[u'ab-testing']
346,ableton,1,False,[u'ableton']
347,ableton-live,1,False,[u'ableton-live']
348,abs,3,False,[u'abs']
349,academia,2,False,[u'academia']
350,acorn,1,False,[u'acorn']
351,addresses,1,False,[u'addresses']
352,adjunct,1,False,[u'adjunct']
353,adobe-animate,1,False,[u'adobe-animate']
354,adventure,1,False,[u'adventure']
355,adversarial,1,False,[u'adversarial']
356,aesprite,1,False,[u'aesprite']
357,affinity-photo,1,False,[u'affinity-photo']
358,agile,1,False,[u'agile']
359,agressive,1,False,[u'agressive']
360,ai,14,False,[u'ai']
361,air,1,False,[u'air']
362,air-traffic-control,1,False,[u'air-traffic-control']
363,aircraft,1,False,[u'aircraft']
364,airplanes,1,False,[u'airplanes']
365,algebra,1,False,[u'algebra']
366,algebraic-geometry,1,False,[u'algebraic-geometry']
367,algorithmic,1,False,[u'algorithmic']
368,alias,2,False,[u'alias']
369,all-modules,1,False,[u'all-modules']
370,altair,2,False,[u'altair']
371,alternative-data,1,False,[u'alternative-data']
372,altman,1,False,[u'altman']
373,amazon,2,False,[u'amazon']
374,ambiance,1,False,[u'ambiance']
375,aml,1,False,[u'aml']
376,anaconda,2,False,[u'anaconda']
377,analysis,1,False,[u'analysis']
378,anchor,1,False,[u'anchor']
379,animation,61,False,[u'animation']
380,anime,1,False,[u'anime']
381,anime-js,3,False,[u'anime-js']
382,annotation,4,False,[u'annotation']
383,anomaly-detection,11,False,[u'anomaly-detection']
384,anomaly_detection,2,False,[u'anomaly_detection']
385,anonymity,1,False,[u'anonymity']
386,anova,2,False,[u'anova']
387,anthropology,1,False,[u'anthropology']
388,anti-patterns,1,False,[u'anti-patterns']
389,apache-spark,1,False,[u'apache-spark']
390,api,19,False,[u'api']
391,apl,2,False,[u'apl']
392,app-dev,1,False,[u'app-dev']
393,apple,10,False,[u'apple']
394,applescript,2,False,[u'applescript']
395,apply-functions,1,False,[u'apply-functions']
396,architecture,4,False,[u'architecture']
397,archiving,1,False,[u'archiving']
398,arduino,3,False,[u'arduino']
399,ares,1,False,[u'ares']
400,argmax,1,False,[u'argmax']
401,argmin,1,False,[u'argmin']
402,arima,1,False,[u'arima']
403,arithmetic,1,False,[u'arithmetic']
404,arq,2,False,[u'arq']
405,arstechnica,1,False,[u'arstechnica']
406,art,6,False,[u'art']
407,asia,1,False,[u'asia']
408,assertr,1,False,[u'assertr']
409,asset-management,4,False,[u'asset-management']
410,asteroid,1,False,[u'asteroid']
411,astro,8,False,[u'astro']
412,asyncio,1,False,[u'asyncio']
413,athena,1,False,[u'athena']
414,audio,7,False,[u'audio']
415,authentication,1,False,[u'authentication']
416,auto-encoder,1,False,[u'auto-encoder']
417,autobiography,1,False,[u'autobiography']
418,autohotkey,1,False,[u'autohotkey']
419,automated-machine-learning,1,False,[u'automated-machine-learning']
420,automation,6,False,[u'automation']
421,automator,2,False,[u'automator']
422,avan,6,False,[u'avan']
423,average,1,False,[u'average']
424,aviaion,1,False,[u'aviaion']
425,aviation,1,False,[u'aviation']
426,awesome,42,False,[u'awesome']
427,awk,1,False,[u'awk']
428,aws,3,False,[u'aws']
429,axe,1,False,[u'axe']
430,babylon,1,False,[u'babylon']
431,bach,2,False,[u'bach']
432,back-testing,1,False,[u'back-testing']
433,background,1,False,[u'background']
434,background-sound,1,False,[u'background-sound']
435,backup,3,False,[u'backup']
436,bagging,1,False,[u'bagging']
437,banks,6,False,[u'banks']
438,base,1,False,[u'base']
439,bash,23,False,[u'bash']
440,batch,1,False,[u'batch']
441,battery,2,False,[u'battery']
442,bayesian,21,False,[u'bayesian']
443,bayesian-belief-network,1,False,[u'bayesian-belief-network']
444,beaker,1,False,[u'beaker']
445,beep,1,False,[u'beep']
446,beepr,1,False,[u'beepr']
447,beginning,1,False,[u'beginning']
448,benchmarking,1,False,[u'benchmarking']
449,benfords-law,1,False,[u'benfords-law']
450,berkshire-hathaway,1,False,[u'berkshire-hathaway']
451,bernouli,1,False,[u'bernouli']
452,best-practices,58,False,[u'best-practices']
453,bezier-curves,2,False,[u'bezier-curves']
454,bias,1,False,[u'bias']
455,bibliography,1,False,[u'bibliography']
456,big-picture,1,False,[u'big-picture']
457,big4,1,False,[u'big4']
458,bigram,1,False,[u'bigram']
459,binning,3,False,[u'binning']
460,biochem,1,False,[u'biochem']
461,biodiversity,1,False,[u'biodiversity']
462,biology,1,False,[u'biology']
463,bitbucket,2,False,[u'bitbucket']
464,bitcoin,3,False,[u'bitcoin']
465,bitmap-graphics,1,False,[u'bitmap-graphics']
466,biz,4,False,[u'biz']
467,bland-altman-plot,1,False,[u'bland-altman-plot']
468,blecat,1,False,[u'blecat']
469,blender,10,False,[u'blender']
470,block-chain,1,False,[u'block-chain']
471,blockchain,3,False,[u'blockchain']
472,blog-post,1,False,[u'blog-post']
473,blogging,22,False,[u'blogging']
474,blogs),1,False,[u'blogs)']
475,bloomberg,2,False,[u'bloomberg']
476,blues,1,False,[u'blues']
477,bluetooth,3,False,[u'bluetooth']
478,bokeh,1,False,[u'bokeh']
479,books,4,False,[u'books']
480,booksize,1,False,[u'booksize']
481,boot,1,False,[u'boot']
482,bootstrap,4,False,[u'bootstrap']
483,bostock,2,False,[u'bostock']
484,brain,3,False,[u'brain']
485,bread,1,False,[u'bread']
486,breiman,1,False,[u'breiman']
487,brieman,1,False,[u'brieman']
488,briscola,1,False,[u'briscola']
489,broom,2,False,[u'broom']
490,browser,2,False,[u'browser']
491,bruce-schneier,3,False,[u'bruce-schneier']
492,btsync,1,False,[u'btsync']
493,bubbles,1,False,[u'bubbles']
494,budget,1,False,[u'budget']
495,burget,1,False,[u'burget']
496,business,15,False,[u'business']
497,business-imperative,1,False,[u'business-imperative']
498,c,1,False,[u'c']
499,c3pio,1,False,[u'c3pio']
500,calculatedrisk,1,False,[u'calculatedrisk']
501,calendar,3,False,[u'calendar']
502,camera,1,False,[u'camera']
503,canada,1,False,[u'canada']
504,canonical,2,False,[u'canonical']
505,cantor,1,False,[u'cantor']
506,canvas,2,False,[u'canvas']
507,capital,1,False,[u'capital']
508,capital-markets,1,False,[u'capital-markets']
509,carbo,1,False,[u'carbo']
510,cards,1,False,[u'cards']
511,career,1,False,[u'career']
512,caret,8,False,[u'caret']
513,cartography,7,False,[u'cartography']
514,cast-iron-skillet,1,False,[u'cast-iron-skillet']
515,categorical,2,False,[u'categorical']
516,categorical-data,2,False,[u'categorical-data']
517,catfish,1,False,[u'catfish']
518,causal,2,False,[u'causal']
519,cautionary-tale,1,False,[u'cautionary-tale']
520,cdo,1,False,[u'cdo']
521,celestron,1,False,[u'celestron']
522,certificate,2,False,[u'certificate']
523,change-detection,4,False,[u'change-detection']
524,chatbot,2,False,[u'chatbot']
525,cheat-sheets,1,False,[u'cheat-sheets']
526,cheats,1,False,[u'cheats']
527,checksum,1,False,[u'checksum']
528,chem,2,False,[u'chem']
529,cherry-pick-then-toss,1,False,[u'cherry-pick-then-toss']
530,chess,1,False,[u'chess']
531,chi-squared,1,False,[u'chi-squared']
532,chi-squared-test,1,False,[u'chi-squared-test']
533,chicken,1,False,[u'chicken']
534,childred,1,False,[u'childred']
535,chrome,2,False,[u'chrome']
536,chron,1,False,[u'chron']
537,chuck-berry,1,False,[u'chuck-berry']
538,city,1,False,[u'city']
539,clark,1,False,[u'clark']
540,clasification,4,False,[u'clasification']
541,classical,1,False,[u'classical']
542,classics,1,False,[u'classics']
543,classification,12,False,[u'classification']
544,classifier,9,False,[u'classifier']
545,claude-shannon,2,False,[u'claude-shannon']
546,cleaning,4,False,[u'cleaning']
547,cleveland-dot-plot,1,False,[u'cleveland-dot-plot']
548,clever,3,False,[u'clever']
549,click,1,False,[u'click']
550,climate-change,1,False,[u'climate-change']
551,cloud,6,False,[u'cloud']
552,cluster,24,False,[u'cluster']
553,cmbs,1,False,[u'cmbs']
554,cocos2d,1,False,[u'cocos2d']
555,codea,1,False,[u'codea']
556,coding,4,False,[u'coding']
557,cognitive,1,False,[u'cognitive']
558,cold-war,2,False,[u'cold-war']
559,college,2,False,[u'college']
560,color,1,False,[u'color']
561,columbia,2,False,[u'columbia']
562,combinaturics,1,False,[u'combinaturics']
563,combining-r-and-python,1,False,[u'combining-r-and-python']
564,command-line,9,False,[u'command-line']
565,comp-sci,5,False,[u'comp-sci']
566,comparison,1,False,[u'comparison']
567,composition,2,False,[u'composition']
568,computer,7,False,[u'computer']
569,computers,2,False,[u'computers']
570,conditional-probability,1,False,[u'conditional-probability']
571,conference,1,False,[u'conference']
572,conference-speaking,2,False,[u'conference-speaking']
573,confidence,2,False,[u'confidence']
574,configuration,2,False,[u'configuration']
575,confusion-matrix,1,False,[u'confusion-matrix']
576,consumer,3,False,[u'consumer']
577,containerization,1,False,[u'containerization']
578,content,1,False,[u'content']
579,contest,1,False,[u'contest']
580,continuous-integration,6,False,[u'continuous-integration']
581,continuum,1,False,[u'continuum']
582,continuum-analytics,1,False,[u'continuum-analytics']
583,contracts,1,False,[u'contracts']
584,control-chart,3,False,[u'control-chart']
585,convert,1,False,[u'convert']
586,cooking,4,False,[u'cooking']
587,cool,106,False,[u'cool']
588,copula,1,False,[u'copula']
589,core,1,False,[u'core']
590,core-ml,2,False,[u'core-ml']
591,corpus,8,False,[u'corpus']
592,corr,2,False,[u'corr']
593,cosine-similarity,6,False,[u'cosine-similarity']
594,coupon-collector-problem,1,False,[u'coupon-collector-problem']
595,course,1,False,[u'course']
596,courts,1,False,[u'courts']
597,covariance,1,False,[u'covariance']
598,covered-funds,9,False,[u'covered-funds']
599,cow-brush,1,False,[u'cow-brush']
600,cppib,1,False,[u'cppib']
601,crack-pot,1,False,[u'crack-pot']
602,craft,2,False,[u'craft']
603,create,3,False,[u'create']
604,creativity,8,False,[u'creativity']
605,credit,2,False,[u'credit']
606,cricket,1,False,[u'cricket']
607,crisis,1,False,[u'crisis']
608,critical-thinking,2,False,[u'critical-thinking']
609,cross-tab,1,False,[u'cross-tab']
610,cross-validation,7,False,[u'cross-validation']
611,crypt,3,False,[u'crypt']
612,crypto-currency,1,False,[u'crypto-currency']
613,cryptography,2,False,[u'cryptography']
614,css,24,False,[u'css']
615,csv,2,False,[u'csv']
616,curiosity,1,False,[u'curiosity']
617,curl,1,False,[u'curl']
618,curriculum,1,False,[u'curriculum']
619,cursive,1,False,[u'cursive']
620,cusips,1,False,[u'cusips']
621,customer-analytics,1,False,[u'customer-analytics']
622,customer-lifetime-value,1,False,[u'customer-lifetime-value']
623,customer-segmentation,4,False,[u'customer-segmentation']
624,customer_analytics,5,False,[u'customer_analytics']
625,customization,2,False,[u'customization']
626,d3,17,False,[u'd3']
627,dandelion,1,False,[u'dandelion']
628,dashboards,8,False,[u'dashboards']
629,data,13,False,[u'data']
630,data-clean,6,False,[u'data-clean']
631,data-nitro,1,False,[u'data-nitro']
632,data-prep,2,False,[u'data-prep']
633,data-science,1,False,[u'data-science']
634,data-structures,1,False,[u'data-structures']
635,data-studio,1,False,[u'data-studio']
636,data-viz,167,False,[u'data-viz']
637,database,4,False,[u'database']
638,dataframe,3,False,[u'dataframe']
639,dataframes,1,False,[u'dataframes']
640,dataviz,9,False,[u'dataviz']
641,date-math,1,False,[u'date-math']
642,dates,1,False,[u'dates']
643,david-bowie,1,False,[u'david-bowie']
644,dbscan,2,False,[u'dbscan']
645,death,1,False,[u'death']
646,debian-jessie,1,False,[u'debian-jessie']
647,debug,1,False,[u'debug']
648,debunk,2,False,[u'debunk']
649,decision-theory,1,False,[u'decision-theory']
650,deep-learning,5,False,[u'deep-learning']
651,deer,1,False,[u'deer']
652,demand,1,False,[u'demand']
653,demonstration,1,False,[u'demonstration']
654,deployment,8,False,[u'deployment']
655,derek-lowe,2,False,[u'derek-lowe']
656,design,8,False,[u'design']
657,design-patterns,2,False,[u'design-patterns']
658,deutsche,1,False,[u'deutsche']
659,devops,2,False,[u'devops']
660,dfa,1,False,[u'dfa']
661,diagram,1,False,[u'diagram']
662,diagrams,2,False,[u'diagrams']
663,dialog,1,False,[u'dialog']
664,dict,2,False,[u'dict']
665,dictionary,3,False,[u'dictionary']
666,diet-coda,1,False,[u'diet-coda']
667,difeq,1,False,[u'difeq']
668,diff,4,False,[u'diff']
669,diff-merge-patch,1,False,[u'diff-merge-patch']
670,differential-privacy,1,False,[u'differential-privacy']
671,digitalocean,1,False,[u'digitalocean']
672,dimensionality-reduction,5,False,[u'dimensionality-reduction']
673,disco,1,False,[u'disco']
674,discrete,1,False,[u'discrete']
675,distance,4,False,[u'distance']
676,distributed,1,False,[u'distributed']
677,distributions,9,False,[u'distributions']
678,distro,1,False,[u'distro']
679,dlami,1,False,[u'dlami']
680,dmml,1,False,[u'dmml']
681,doc2text,1,False,[u'doc2text']
682,docker,2,False,[u'docker']
683,doctrow,1,False,[u'doctrow']
684,documentation,2,False,[u'documentation']
685,dol,1,False,[u'dol']
686,donuts,1,False,[u'donuts']
687,doom,1,False,[u'doom']
688,dot-plot,1,False,[u'dot-plot']
689,dplyr,2,False,[u'dplyr']
690,drafts,1,False,[u'drafts']
691,drag-and-drop,1,False,[u'drag-and-drop']
692,draw,1,False,[u'draw']
693,drawing,1,False,[u'drawing']
694,driftnet,1,False,[u'driftnet']
695,drone,1,False,[u'drone']
696,dropbox-alternative,1,False,[u'dropbox-alternative']
697,dsp,1,False,[u'dsp']
698,duckduckgo,1,False,[u'duckduckgo']
699,duh,1,False,[u'duh']
700,dygraphs,1,False,[u'dygraphs']
701,dynamic,2,False,[u'dynamic']
702,earth,1,False,[u'earth']
703,easing,3,False,[u'easing']
704,eclipse,1,False,[u'eclipse']
705,ecommerce,1,False,[u'ecommerce']
706,econ,5,False,[u'econ']
707,econometrics,3,False,[u'econometrics']
708,eda,8,False,[u'eda']
709,editorial,4,False,[u'editorial']
710,education,9,False,[u'education']
711,effects,2,False,[u'effects']
712,eigen,1,False,[u'eigen']
713,elastic-net,2,False,[u'elastic-net']
714,elastic-search,1,False,[u'elastic-search']
715,electronics,2,False,[u'electronics']
716,elements,1,False,[u'elements']
717,eliza,1,False,[u'eliza']
718,email,5,False,[u'email']
719,encrypted-learning,1,False,[u'encrypted-learning']
720,endeavor,1,False,[u'endeavor']
721,endemble,3,False,[u'endemble']
722,energy,1,False,[u'energy']
723,engineering,1,False,[u'engineering']
724,enron,2,False,[u'enron']
725,ensemble-methods,4,False,[u'ensemble-methods']
726,entropy,1,False,[u'entropy']
727,environment,1,False,[u'environment']
728,equalization,1,False,[u'equalization']
729,estimation,1,False,[u'estimation']
730,event-driven,1,False,[u'event-driven']
731,evil,1,False,[u'evil']
732,evolution,1,False,[u'evolution']
733,examples,1,False,[u'examples']
734,excel,13,False,[u'excel']
735,excel-is-bad,1,False,[u'excel-is-bad']
736,exception-handling,1,False,[u'exception-handling']
737,exercise,1,False,[u'exercise']
738,explainer,1,False,[u'explainer']
739,exponential,1,False,[u'exponential']
740,exponential-smoothing,1,False,[u'exponential-smoothing']
741,eyeglasses,1,False,[u'eyeglasses']
742,faa,1,False,[u'faa']
743,facebook,3,False,[u'facebook']
744,factor-analysis,1,False,[u'factor-analysis']
745,fail,3,False,[u'fail']
746,fake,1,False,[u'fake']
747,falsehoods,2,False,[u'falsehoods']
748,families,1,False,[u'families']
749,family,1,False,[u'family']
750,family-sharing,4,False,[u'family-sharing']
751,fashion,1,False,[u'fashion']
752,fast-frugal-trees,1,False,[u'fast-frugal-trees']
753,fast-tables,1,False,[u'fast-tables']
754,fasting,1,False,[u'fasting']
755,fdic,3,False,[u'fdic']
756,fearless,1,False,[u'fearless']
757,feature-agglomeration,1,False,[u'feature-agglomeration']
758,feature-branch-workflow,1,False,[u'feature-branch-workflow']
759,feature-engineering,6,False,[u'feature-engineering']
760,feature-hashing,1,False,[u'feature-hashing']
761,feature-importance,4,False,[u'feature-importance']
762,feature-selection,4,False,[u'feature-selection']
763,feed-reeder,1,False,[u'feed-reeder']
764,feed-the-beast,1,False,[u'feed-the-beast']
765,ferret,1,False,[u'ferret']
766,fft,1,False,[u'fft']
767,figlet-generator,1,False,[u'figlet-generator']
768,file-transfer,5,False,[u'file-transfer']
769,filepizza,1,False,[u'filepizza']
770,film,11,False,[u'film']
771,filtering,1,False,[u'filtering']
772,fin,2,False,[u'fin']
773,final-cut-pro,1,False,[u'final-cut-pro']
774,financial,1,False,[u'financial']
775,financial-stability-board,1,False,[u'financial-stability-board']
776,firefox,1,False,[u'firefox']
777,first-impressions,1,False,[u'first-impressions']
778,fisher-information,1,False,[u'fisher-information']
779,fit,2,False,[u'fit']
780,flask,6,False,[u'flask']
781,flexdashboard,2,False,[u'flexdashboard']
782,flow-chart,2,False,[u'flow-chart']
783,flowing-data,2,False,[u'flowing-data']
784,fm-synthesis,1,False,[u'fm-synthesis']
785,fomc,2,False,[u'fomc']
786,food,13,False,[u'food']
787,forecast,11,False,[u'forecast']
788,forensic,6,False,[u'forensic']
789,forestfloor,1,False,[u'forestfloor']
790,formating,1,False,[u'formating']
791,formatting,2,False,[u'formatting']
792,foundational,2,False,[u'foundational']
793,fourier,2,False,[u'fourier']
794,fractal,4,False,[u'fractal']
795,fraction,1,False,[u'fraction']
796,fraud-detection,4,False,[u'fraud-detection']
797,fred,1,False,[u'fred']
798,free-range,1,False,[u'free-range']
799,freemind,1,False,[u'freemind']
800,freeplane,1,False,[u'freeplane']
801,ftp,1,False,[u'ftp']
802,fun,14,False,[u'fun']
803,functional-programming,4,False,[u'functional-programming']
804,functions,3,False,[u'functions']
805,funny,6,False,[u'funny']
806,fusion-character-animator,1,False,[u'fusion-character-animator']
807,fusion-tables,3,False,[u'fusion-tables']
808,future,1,False,[u'future']
809,gabe,3,False,[u'gabe']
810,game,2,False,[u'game']
811,game-engine,1,False,[u'game-engine']
812,gamedev,74,False,[u'gamedev']
813,games,8,False,[u'games']
814,gamesmanship,1,False,[u'gamesmanship']
815,gaming,1,False,[u'gaming']
816,garage-band,1,False,[u'garage-band']
817,gear,2,False,[u'gear']
818,generating-functions,1,False,[u'generating-functions']
819,generative,1,False,[u'generative']
820,generative-art,1,False,[u'generative-art']
821,gensim,3,False,[u'gensim']
822,geography,1,False,[u'geography']
823,geometry,1,False,[u'geometry']
824,geospatial,3,False,[u'geospatial']
825,gephi,2,False,[u'gephi']
826,ggguitar,1,False,[u'ggguitar']
827,ggplot,11,False,[u'ggplot']
828,gibber,1,False,[u'gibber']
829,gif,3,False,[u'gif']
830,git,22,False,[u'git']
831,git-branching,7,False,[u'git-branching']
832,git-up,1,False,[u'git-up']
833,github,2,False,[u'github']
834,gitlab,4,False,[u'gitlab']
835,glm,3,False,[u'glm']
836,glmnet,1,False,[u'glmnet']
837,global,3,False,[u'global']
838,gmod,4,False,[u'gmod']
839,go,3,False,[u'go']
840,goals,2,False,[u'goals']
841,gof,1,False,[u'gof']
842,golf,1,False,[u'golf']
843,goodness,2,False,[u'goodness']
844,google,6,False,[u'google']
845,google-hangouts-alternative,1,False,[u'google-hangouts-alternative']
846,gpu,1,False,[u'gpu']
847,gradient-ascent,1,False,[u'gradient-ascent']
848,gradient-boosting,2,False,[u'gradient-boosting']
849,graft,1,False,[u'graft']
850,grammar,3,False,[u'grammar']
851,grammar-of-graphics,1,False,[u'grammar-of-graphics']
852,graph,5,False,[u'graph']
853,grapher,1,False,[u'grapher']
854,graphics,17,False,[u'graphics']
855,greece,1,False,[u'greece']
856,greek,1,False,[u'greek']
857,greg-wilson,3,False,[u'greg-wilson']
858,gregg,1,False,[u'gregg']
859,grid,2,False,[u'grid']
860,grid-search,1,False,[u'grid-search']
861,gril,1,False,[u'gril']
862,grill,1,False,[u'grill']
863,growing-up,2,False,[u'growing-up']
864,growth,1,False,[u'growth']
865,gs,4,False,[u'gs']
866,gse,3,False,[u'gse']
867,gtd,1,False,[u'gtd']
868,gui,7,False,[u'gui']
869,guitar,2,False,[u'guitar']
870,guns,1,False,[u'guns']
871,habit,1,False,[u'habit']
872,hadley-wickham,3,False,[u'hadley-wickham']
873,hadoop,2,False,[u'hadoop']
874,hammerspoon,1,False,[u'hammerspoon']
875,handwriting,2,False,[u'handwriting']
876,handy,1,False,[u'handy']
877,hard-drive,1,False,[u'hard-drive']
878,hardware,3,False,[u'hardware']
879,harmonica,1,False,[u'harmonica']
880,haroopad,2,False,[u'haroopad']
881,harry-potter,1,False,[u'harry-potter']
882,hash,2,False,[u'hash']
883,hbr,1,False,[u'hbr']
884,hclus,1,False,[u'hclus']
885,hdbscan,2,False,[u'hdbscan']
886,health,2,False,[u'health']
887,heartfelt,1,False,[u'heartfelt']
888,heatmap,2,False,[u'heatmap']
889,hexaflexagons,1,False,[u'hexaflexagons']
890,high-cardinality-features,1,False,[u'high-cardinality-features']
891,highlighting,1,False,[u'highlighting']
892,hippani,1,False,[u'hippani']
893,hipster-sounds,1,False,[u'hipster-sounds']
894,historic-job-growth,1,False,[u'historic-job-growth']
895,history,11,False,[u'history']
896,hive,1,False,[u'hive']
897,hmm,1,False,[u'hmm']
898,hoax,1,False,[u'hoax']
899,home,1,False,[u'home']
900,homogeneity,1,False,[u'homogeneity']
901,horizon-graph,1,False,[u'horizon-graph']
902,housing,1,False,[u'housing']
903,howler,1,False,[u'howler']
904,hpc,1,False,[u'hpc']
905,html,11,False,[u'html']
906,html-widgets,2,False,[u'html-widgets']
907,html5,3,False,[u'html5']
908,htmlwidgets,1,False,[u'htmlwidgets']
909,httr,1,False,[u'httr']
910,hugo,2,False,[u'hugo']
911,hyperband,1,False,[u'hyperband']
912,hypercard,1,False,[u'hypercard']
913,hyperparameter,2,False,[u'hyperparameter']
914,hyperparameter-tuning,3,False,[u'hyperparameter-tuning']
915,hypothesis-testing,9,False,[u'hypothesis-testing']
916,ibanking,1,False,[u'ibanking']
917,ibm,4,False,[u'ibm']
918,iceland,1,False,[u'iceland']
919,icloud,1,False,[u'icloud']
920,icon,1,False,[u'icon']
921,ide,3,False,[u'ide']
922,idiot,1,False,[u'idiot']
923,igraph,1,False,[u'igraph']
924,image,2,False,[u'image']
925,image-processing,3,False,[u'image-processing']
926,imaginary-numbers,1,False,[u'imaginary-numbers']
927,imballanced,3,False,[u'imballanced']
928,imballanced-classes,3,False,[u'imballanced-classes']
929,important,11,False,[u'important']
930,imputation,2,False,[u'imputation']
931,in-memorium,1,False,[u'in-memorium']
932,industry,6,False,[u'industry']
933,inequality,4,False,[u'inequality']
934,inevitability,1,False,[u'inevitability']
935,inference,1,False,[u'inference']
936,infinity,1,False,[u'infinity']
937,inflation,1,False,[u'inflation']
938,infographics,2,False,[u'infographics']
939,information-theory,4,False,[u'information-theory']
940,informs-2016,1,False,[u'informs-2016']
941,infosec,37,False,[u'infosec']
942,infrastructure,1,False,[u'infrastructure']
943,inkscape,1,False,[u'inkscape']
944,input,1,False,[u'input']
945,insights-center,5,False,[u'insights-center']
946,institutional-imperative,1,False,[u'institutional-imperative']
947,insurance,2,False,[u'insurance']
948,intent-analysis,1,False,[u'intent-analysis']
949,interac,1,False,[u'interac']
950,interaction-design,7,False,[u'interaction-design']
951,interactive,42,False,[u'interactive']
952,intermittant-fasting,1,False,[u'intermittant-fasting']
953,internal-audit,1,False,[u'internal-audit']
954,international-addresses,1,False,[u'international-addresses']
955,international-soace-station,1,False,[u'international-soace-station']
956,interpolation,4,False,[u'interpolation']
957,interpretability,2,False,[u'interpretability']
958,interviewing,3,False,[u'interviewing']
959,investigative,1,False,[u'investigative']
960,investing,2,False,[u'investing']
961,io,1,False,[u'io']
962,ios,15,False,[u'ios']
963,iot,4,False,[u'iot']
964,ip-address,2,False,[u'ip-address']
965,ipad,1,False,[u'ipad']
966,iphone,2,False,[u'iphone']
967,ipython-notebook,15,False,[u'ipython-notebook']
968,ira,1,False,[u'ira']
969,iss,1,False,[u'iss']
970,italian,1,False,[u'italian']
971,itertools,2,False,[u'itertools']
972,jailhouse,1,False,[u'jailhouse']
973,japan,4,False,[u'japan']
974,japanese,3,False,[u'japanese']
975,javascript,66,False,[u'javascript']
976,jekyll,4,False,[u'jekyll']
977,jinja,1,False,[u'jinja']
978,joel-spolesky,1,False,[u'joel-spolesky']
979,js,7,False,[u'js']
980,julian,13,False,[u'julian']
981,junk,3,False,[u'junk']
982,jupiter,3,False,[u'jupiter']
983,jupyter,10,False,[u'jupyter']
984,justice,1,False,[u'justice']
985,k,308,False,[u'k']
986,k-demos,1,False,[u'k-demos']
987,k-means,2,False,[u'k-means']
988,kaggle,1,False,[u'kaggle']
989,kalman-filter,1,False,[u'kalman-filter']
990,kanban,5,False,[u'kanban']
991,kernels,1,False,[u'kernels']
992,keyboard,1,False,[u'keyboard']
993,keyboard-shortcuts,1,False,[u'keyboard-shortcuts']
994,keys,1,False,[u'keys']
995,kickstarter,1,False,[u'kickstarter']
996,kids,1,False,[u'kids']
997,kinetic-typography,2,False,[u'kinetic-typography']
998,kiran-healey,1,False,[u'kiran-healey']
999,kitra,1,False,[u'kitra']
1000,kivy,1,False,[u'kivy']
1001,kl-distance,1,False,[u'kl-distance']
1002,knitr,3,False,[u'knitr']
1003,knn,2,False,[u'knn']
1004,krita,1,False,[u'krita']
1005,krugman,1,False,[u'krugman']
1006,kubrick,1,False,[u'kubrick']
1007,kyc,1,False,[u'kyc']
1008,kytten,1,False,[u'kytten']
1009,labor,2,False,[u'labor']
1010,lag,3,False,[u'lag']
1011,lang,227,False,[u'lang']
1012,language,4,False,[u'language']
1013,large-data,1,False,[u'large-data']
1014,lasso,2,False,[u'lasso']
1015,latent-class-analysis,1,False,[u'latent-class-analysis']
1016,latent-dirichlet,1,False,[u'latent-dirichlet']
1017,latent-semantic-analysis,1,False,[u'latent-semantic-analysis']
1018,latent-semantic-indexing,1,False,[u'latent-semantic-indexing']
1019,latex,3,False,[u'latex']
1020,launcher,1,False,[u'launcher']
1021,law-firm,2,False,[u'law-firm']
1022,lda,6,False,[u'lda']
1023,learn,2,False,[u'learn']
1024,learning,13,False,[u'learning']
1025,learnr,1,False,[u'learnr']
1026,led,1,False,[u'led']
1027,lee-hutch,1,False,[u'lee-hutch']
1028,lego,1,False,[u'lego']
1029,letters,1,False,[u'letters']
1030,leveraged-super-senior,1,False,[u'leveraged-super-senior']
1031,lexicons,1,False,[u'lexicons']
1032,lgbt,1,False,[u'lgbt']
1033,libreboard,1,False,[u'libreboard']
1034,life,1,False,[u'life']
1035,linalg,8,False,[u'linalg']
1036,linear-programming,2,False,[u'linear-programming']
1037,linguistics,1,False,[u'linguistics']
1038,links,1,False,[u'links']
1039,linter,1,False,[u'linter']
1040,linux,8,False,[u'linux']
1041,list,2,False,[u'list']
1042,littler,1,False,[u'littler']
1043,lm,1,False,[u'lm']
1044,logging,6,False,[u'logging']
1045,logic,1,False,[u'logic']
1046,login,5,False,[u'login']
1047,logistic,1,False,[u'logistic']
1048,logisticperformance,2,False,[u'logisticperformance']
1049,lookup,1,False,[u'lookup']
1050,loops-are-inefficient,1,False,[u'loops-are-inefficient']
1051,lord-of-the-rings,1,False,[u'lord-of-the-rings']
1052,loudness,1,False,[u'loudness']
1053,lsa,6,False,[u'lsa']
1054,ltsm,1,False,[u'ltsm']
1055,lua,9,False,[u'lua']
1056,lucine,2,False,[u'lucine']
1057,luigi,2,False,[u'luigi']
1058,mac,6,False,[u'mac']
1059,macdrifter,4,False,[u'macdrifter']
1060,machine-learning,1,False,[u'machine-learning']
1061,macro,4,False,[u'macro']
1062,macstories,3,False,[u'macstories']
1063,magic-wormhole,3,False,[u'magic-wormhole']
1064,magick,1,False,[u'magick']
1065,magicvoxel,1,False,[u'magicvoxel']
1066,magrittr,1,False,[u'magrittr']
1067,make,8,False,[u'make']
1068,makefiles,4,False,[u'makefiles']
1069,maker,5,False,[u'maker']
1070,mamp,1,False,[u'mamp']
1071,management,1,False,[u'management']
1072,manova,2,False,[u'manova']
1073,manual,1,False,[u'manual']
1074,map-reduce,5,False,[u'map-reduce']
1075,maps,5,False,[u'maps']
1076,markdown,18,False,[u'markdown']
1077,market-PA,1,False,[u'market-PA']
1078,market-basket-analytics,1,False,[u'market-basket-analytics']
1079,marketing,11,False,[u'marketing']
1080,markets,3,False,[u'markets']
1081,markov-chain,1,False,[u'markov-chain']
1082,markov-chain-monte-carlo,2,False,[u'markov-chain-monte-carlo']
1083,martin-grandjean,2,False,[u'martin-grandjean']
1084,mashup,2,False,[u'mashup']
1085,match,1,False,[u'match']
1086,math,3,False,[u'math']
1087,mathematica,1,False,[u'mathematica']
1088,mathjax,2,False,[u'mathjax']
1089,matplotlib,2,False,[u'matplotlib']
1090,mbs,1,False,[u'mbs']
1091,mcmc,2,False,[u'mcmc']
1092,meade,1,False,[u'meade']
1093,meetings,1,False,[u'meetings']
1094,meissler,4,False,[u'meissler']
1095,meme,1,False,[u'meme']
1096,memory,1,False,[u'memory']
1097,merge,1,False,[u'merge']
1098,mermaid-diagram,3,False,[u'mermaid-diagram']
1099,mice,1,False,[u'mice']
1100,microcontroller,2,False,[u'microcontroller']
1101,microdata,1,False,[u'microdata']
1102,micropython,2,False,[u'micropython']
1103,microsoft,1,False,[u'microsoft']
1104,microsoft-azure,4,False,[u'microsoft-azure']
1105,min,1,False,[u'min']
1106,mind-map,3,False,[u'mind-map']
1107,mindmap,1,False,[u'mindmap']
1108,minecraft,20,False,[u'minecraft']
1109,mini-computer,1,False,[u'mini-computer']
1110,mining,1,False,[u'mining']
1111,missing-values,4,False,[u'missing-values']
1112,mistakes,2,False,[u'mistakes']
1113,mixed-effects-models,1,False,[u'mixed-effects-models']
1114,miyazaki,3,False,[u'miyazaki']
1115,mo,3,False,[u'mo']
1116,mobile-phone,1,False,[u'mobile-phone']
1117,mod,1,False,[u'mod']
1118,model-evaluation,2,False,[u'model-evaluation']
1119,modeling,4,False,[u'modeling']
1120,models-as-a-service,1,False,[u'models-as-a-service']
1121,modules,1,False,[u'modules']
1122,monetization,1,False,[u'monetization']
1123,money,1,False,[u'money']
1124,monotonic,1,False,[u'monotonic']
1125,monte-carlo,1,False,[u'monte-carlo']
1126,mortgage,8,False,[u'mortgage']
1127,mosh,2,False,[u'mosh']
1128,mouse,2,False,[u'mouse']
1129,move,1,False,[u'move']
1130,movie,1,False,[u'movie']
1131,mozart,1,False,[u'mozart']
1132,mozilla,4,False,[u'mozilla']
1133,ms-powerpoint,3,False,[u'ms-powerpoint']
1134,ms-word,2,False,[u'ms-word']
1135,mta,1,False,[u'mta']
1136,multi-class,5,False,[u'multi-class']
1137,multimeter,1,False,[u'multimeter']
1138,multivariate,2,False,[u'multivariate']
1139,muse,2,False,[u'muse']
1140,musescore,1,False,[u'musescore']
1141,music,14,False,[u'music']
1142,musk,1,False,[u'musk']
1143,my-stuff,3,False,[u'my-stuff']
1144,myth,1,False,[u'myth']
1145,myth-bust,1,False,[u'myth-bust']
1146,naic,1,False,[u'naic']
1147,naive-1-forecast,1,False,[u'naive-1-forecast']
1148,naive-bayes,2,False,[u'naive-bayes']
1149,nanotech,1,False,[u'nanotech']
1150,nasa,1,False,[u'nasa']
1151,nation-of-freelancers,1,False,[u'nation-of-freelancers']
1152,neo4j,1,False,[u'neo4j']
1153,ner,3,False,[u'ner']
1154,netflix,2,False,[u'netflix']
1155,netsec,27,False,[u'netsec']
1156,network,26,False,[u'network']
1157,network-analysis,14,False,[u'network-analysis']
1158,network-graph,7,False,[u'network-graph']
1159,network-programming,2,False,[u'network-programming']
1160,neural-net,16,False,[u'neural-net']
1161,new-york-times-labs,1,False,[u'new-york-times-labs']
1162,news,1,False,[u'news']
1163,nginx,1,False,[u'nginx']
1164,ngram,1,False,[u'ngram']
1165,nhpp,1,False,[u'nhpp']
1166,nix,2,False,[u'nix']
1167,nlp,80,False,[u'nlp']
1168,nltk,9,False,[u'nltk']
1169,node.js,2,True,node.js
1170,noise,1,False,[u'noise']
1171,norm,1,False,[u'norm']
1172,normal,1,False,[u'normal']
1173,normalization,1,False,[u'normalization']
1174,nosql,1,False,[u'nosql']
1175,notation,1,False,[u'notation']
1176,note-taking,5,False,[u'note-taking']
1177,notebooks,1,False,[u'notebooks']
1178,notification,1,False,[u'notification']
1179,number_theory,2,False,[u'number_theory']
1180,numeric-methods,2,False,[u'numeric-methods']
1181,numpy,3,False,[u'numpy']
1182,nvalt,1,False,[u'nvalt']
1183,ny-state,1,False,[u'ny-state']
1184,nyc,3,False,[u'nyc']
1185,nys,1,False,[u'nys']
1186,ocr,2,False,[u'ocr']
1187,odds,1,False,[u'odds']
1188,of,2,False,[u'of']
1189,omni-magazine,1,False,[u'omni-magazine']
1190,omnifocus,1,False,[u'omnifocus']
1191,ontology,1,False,[u'ontology']
1192,oop,2,False,[u'oop']
1193,open-source,1,False,[u'open-source']
1194,open-source-project,1,False,[u'open-source-project']
1195,operational-risk,3,False,[u'operational-risk']
1196,operations-research,3,False,[u'operations-research']
1197,opinion,4,False,[u'opinion']
1198,opportunity,1,False,[u'opportunity']
1199,ops,1,False,[u'ops']
1200,optifine,1,False,[u'optifine']
1201,optimization,14,False,[u'optimization']
1202,ordination,2,False,[u'ordination']
1203,orery,1,False,[u'orery']
1204,organization,2,False,[u'organization']
1205,orlow,1,False,[u'orlow']
1206,orrery,1,False,[u'orrery']
1207,osx,12,False,[u'osx']
1208,outlier-detection,17,False,[u'outlier-detection']
1209,outlook,2,False,[u'outlook']
1210,overwrite,1,False,[u'overwrite']
1211,p&amp;gt;&amp;gt;n,2,False,[u'pgt;gt;n']
1212,p-value,2,False,[u'p-value']
1213,p5js,7,False,[u'p5js']
1214,package,1,False,[u'package']
1215,packaging,1,False,[u'packaging']
1216,painting,1,False,[u'painting']
1217,pairs-plot,1,False,[u'pairs-plot']
1218,panama-papers,3,False,[u'panama-papers']
1219,pandas,9,False,[u'pandas']
1220,pandigital-numbers,1,False,[u'pandigital-numbers']
1221,pandoc,1,False,[u'pandoc']
1222,paper,1,False,[u'paper']
1223,paperless,1,False,[u'paperless']
1224,paralax,1,False,[u'paralax']
1225,parallel,4,False,[u'parallel']
1226,parallel-computing,8,False,[u'parallel-computing']
1227,parameters,2,False,[u'parameters']
1228,parametric,3,False,[u'parametric']
1229,parenting,1,False,[u'parenting']
1230,pareto-chart,1,False,[u'pareto-chart']
1231,parsing,1,False,[u'parsing']
1232,part-time,1,False,[u'part-time']
1233,partial-least-squares,1,False,[u'partial-least-squares']
1234,parts-of-speech,1,False,[u'parts-of-speech']
1235,passwords,2,False,[u'passwords']
1236,pasta,1,False,[u'pasta']
1237,pattern-recognition,1,False,[u'pattern-recognition']
1238,patterns,1,False,[u'patterns']
1239,pbdo,7,False,[u'pbdo']
1240,pca,8,False,[u'pca']
1241,pdf,10,False,[u'pdf']
1242,pdoc,1,False,[u'pdoc']
1243,pelican,3,False,[u'pelican']
1244,penalty-function,1,False,[u'penalty-function']
1245,penrose-tiling,1,False,[u'penrose-tiling']
1246,perception,2,False,[u'perception']
1247,perceptron,1,False,[u'perceptron']
1248,performance,23,False,[u'performance']
1249,permutations,2,False,[u'permutations']
1250,pers-fin,5,False,[u'pers-fin']
1251,personal,1,False,[u'personal']
1252,personal-journey,1,False,[u'personal-journey']
1253,pgm,1,False,[u'pgm']
1254,phaser,1,False,[u'phaser']
1255,philosophy,5,False,[u'philosophy']
1256,photo,5,False,[u'photo']
1257,photog,1,False,[u'photog']
1258,photoshop,2,False,[u'photoshop']
1259,physics,4,False,[u'physics']
1260,physics-engine,2,False,[u'physics-engine']
1261,picnic,1,False,[u'picnic']
1262,pig,1,False,[u'pig']
1263,pinboard,5,False,[u'pinboard']
1264,pingr,1,False,[u'pingr']
1265,pink-noise,1,False,[u'pink-noise']
1266,pip,2,False,[u'pip']
1267,pipeline,5,False,[u'pipeline']
1268,pivot,1,False,[u'pivot']
1269,pivot-table,6,False,[u'pivot-table']
1270,pivottable.js,1,True,pivottable.js
1271,pixel-art,2,False,[u'pixel-art']
1272,pixi.js,1,True,pixi.js
1273,plain-text,1,False,[u'plain-text']
1274,planet,1,False,[u'planet']
1275,pleasant,1,False,[u'pleasant']
1276,plot,6,False,[u'plot']
1277,plotly,2,False,[u'plotly']
1278,pls,1,False,[u'pls']
1279,plsa,1,False,[u'plsa']
1280,plugins,3,False,[u'plugins']
1281,pluto,1,False,[u'pluto']
1282,plyr,2,False,[u'plyr']
1283,poisson,2,False,[u'poisson']
1284,poisson-process,1,False,[u'poisson-process']
1285,pokemon-go,1,False,[u'pokemon-go']
1286,policy,2,False,[u'policy']
1287,political,2,False,[u'political']
1288,politics,2,False,[u'politics']
1289,polygon,1,False,[u'polygon']
1290,pop,2,False,[u'pop']
1291,pop-culture,1,False,[u'pop-culture']
1292,popular-press,7,False,[u'popular-press']
1293,portfolio-management,1,False,[u'portfolio-management']
1294,pos,1,False,[u'pos']
1295,pos-tags,1,False,[u'pos-tags']
1296,posessions,1,False,[u'posessions']
1297,potential-gdp,1,False,[u'potential-gdp']
1298,povittable.js,1,True,povittable.js
1299,power,2,False,[u'power']
1300,power-bi,1,False,[u'power-bi']
1301,power-pose,1,False,[u'power-pose']
1302,powerpoint,1,False,[u'powerpoint']
1303,powershell,1,False,[u'powershell']
1304,prank,1,False,[u'prank']
1305,preference,2,False,[u'preference']
1306,preparation,1,False,[u'preparation']
1307,presentation,5,False,[u'presentation']
1308,presentation-material,1,False,[u'presentation-material']
1309,press,2,False,[u'press']
1310,prezi,1,False,[u'prezi']
1311,price,1,False,[u'price']
1312,pricing,3,False,[u'pricing']
1313,principal-components,1,False,[u'principal-components']
1314,print,1,False,[u'print']
1315,priorities,1,False,[u'priorities']
1316,prison,1,False,[u'prison']
1317,privacy,1,False,[u'privacy']
1318,private-repo,1,False,[u'private-repo']
1319,pro,3,False,[u'pro']
1320,probabilistic-graphical-models,1,False,[u'probabilistic-graphical-models']
1321,probability,7,False,[u'probability']
1322,problem-solving,1,False,[u'problem-solving']
1323,process,1,False,[u'process']
1324,processing,9,False,[u'processing']
1325,procrustes,1,False,[u'procrustes']
1326,production,3,False,[u'production']
1327,productivity,37,False,[u'productivity']
1328,programming,6,False,[u'programming']
1329,project-euler,1,False,[u'project-euler']
1330,project-management,19,False,[u'project-management']
1331,promotion,1,False,[u'promotion']
1332,prompt,1,False,[u'prompt']
1333,propublica,2,False,[u'propublica']
1334,pseudo-rsquared,1,False,[u'pseudo-rsquared']
1335,public,3,False,[u'public']
1336,public-data,3,False,[u'public-data']
1337,public-speaking,1,False,[u'public-speaking']
1338,pwba,1,False,[u'pwba']
1339,py2r,1,False,[u'py2r']
1340,pycharm,3,False,[u'pycharm']
1341,pycon,1,False,[u'pycon']
1342,pygame,3,False,[u'pygame']
1343,pyglet,3,False,[u'pyglet']
1344,python,192,False,[u'python']
1345,pythonista,2,False,[u'pythonista']
1346,pyxley,1,False,[u'pyxley']
1347,qlikview,1,False,[u'qlikview']
1348,qualitative-document-analysis,1,False,[u'qualitative-document-analysis']
1349,quality,1,False,[u'quality']
1350,quality-control,3,False,[u'quality-control']
1351,quant-fin,2,False,[u'quant-fin']
1352,quantile-regression,1,False,[u'quantile-regression']
1353,query,2,False,[u'query']
1354,r,257,False,[u'r']
1355,r2py,1,False,[u'r2py']
1356,random-forest,14,False,[u'random-forest']
1357,ranger,1,False,[u'ranger']
1358,raphael,1,False,[u'raphael']
1359,raspberry-pi,5,False,[u'raspberry-pi']
1360,react,3,False,[u'react']
1361,reactive,1,False,[u'reactive']
1362,read-and-chuck,1,False,[u'read-and-chuck']
1363,reading,2,False,[u'reading']
1364,real-analysis,1,False,[u'real-analysis']
1365,real-estate,1,False,[u'real-estate']
1366,reason,1,False,[u'reason']
1367,recruiting,4,False,[u'recruiting']
1368,recurrence-relations,1,False,[u'recurrence-relations']
1369,red-spot,1,False,[u'red-spot']
1370,reddit,1,False,[u'reddit']
1371,reference,8,False,[u'reference']
1372,references,2,False,[u'references']
1373,regex,2,False,[u'regex']
1374,regression,2,False,[u'regression']
1375,regs,3,False,[u'regs']
1376,regular-expressions,3,False,[u'regular-expressions']
1377,regularization,6,False,[u'regularization']
1378,regulator,2,False,[u'regulator']
1379,reinforcement-learning,1,False,[u'reinforcement-learning']
1380,relevance,1,False,[u'relevance']
1381,remember-the-milk,1,False,[u'remember-the-milk']
1382,rename,1,False,[u'rename']
1383,renderman,1,False,[u'renderman']
1384,repeated-measures,1,False,[u'repeated-measures']
1385,reporter,1,False,[u'reporter']
1386,reports,1,False,[u'reports']
1387,reproducible,5,False,[u'reproducible']
1388,research,2,False,[u'research']
1389,restful,1,False,[u'restful']
1390,returns,1,False,[u'returns']
1391,reveal,1,False,[u'reveal']
1392,revere,1,False,[u'revere']
1393,reverse,1,False,[u'reverse']
1394,review,2,False,[u'review']
1395,reviews,2,False,[u'reviews']
1396,rice,1,False,[u'rice']
1397,richard-feynman,1,False,[u'richard-feynman']
1398,risk,3,False,[u'risk']
1399,risk-weighted-assets,1,False,[u'risk-weighted-assets']
1400,ritchie-havens,1,False,[u'ritchie-havens']
1401,riverscript,1,False,[u'riverscript']
1402,rmarkdown,2,False,[u'rmarkdown']
1403,roc,4,False,[u'roc']
1404,rock-star,1,False,[u'rock-star']
1405,roi,2,False,[u'roi']
1406,rolling-shutter,1,False,[u'rolling-shutter']
1407,rotation-forest,2,False,[u'rotation-forest']
1408,rotmg,4,False,[u'rotmg']
1409,router,1,False,[u'router']
1410,rpart,1,False,[u'rpart']
1411,rpy2,2,False,[u'rpy2']
1412,rss,5,False,[u'rss']
1413,rstudio,10,False,[u'rstudio']
1414,rstudio-server,1,False,[u'rstudio-server']
1415,rtm,1,False,[u'rtm']
1416,ruffus,1,False,[u'ruffus']
1417,rule-fit,1,False,[u'rule-fit']
1418,rules,1,False,[u'rules']
1419,runit,1,False,[u'runit']
1420,rwa,1,False,[u'rwa']
1421,s-curve,1,False,[u's-curve']
1422,saas,1,False,[u'saas']
1423,saass,1,False,[u'saass']
1424,sad,1,False,[u'sad']
1425,safari,1,False,[u'safari']
1426,sake,1,False,[u'sake']
1427,sample-size,5,False,[u'sample-size']
1428,sas,1,False,[u'sas']
1429,savory,1,False,[u'savory']
1430,scandal,1,False,[u'scandal']
1431,scary,1,False,[u'scary']
1432,scatterplot,2,False,[u'scatterplot']
1433,scene,1,False,[u'scene']
1434,scene-manager,1,False,[u'scene-manager']
1435,scheduling,1,False,[u'scheduling']
1436,school,2,False,[u'school']
1437,science,2,False,[u'science']
1438,scientific-computing,2,False,[u'scientific-computing']
1439,scikit-learn,10,False,[u'scikit-learn']
1440,scipy,1,False,[u'scipy']
1441,scp,1,False,[u'scp']
1442,scratch,1,False,[u'scratch']
1443,scripting,2,False,[u'scripting']
1444,scripts,1,False,[u'scripts']
1445,seaborne,1,False,[u'seaborne']
1446,search,4,False,[u'search']
1447,self-hosted,2,False,[u'self-hosted']
1448,self-organizing-maps,4,False,[u'self-organizing-maps']
1449,self-sufficiency,1,False,[u'self-sufficiency']
1450,sem,1,False,[u'sem']
1451,semantic-data,2,False,[u'semantic-data']
1452,sentimenr,1,False,[u'sentimenr']
1453,sentiment-analysis,3,False,[u'sentiment-analysis']
1454,sequence,4,False,[u'sequence']
1455,series,2,False,[u'series']
1456,server,32,False,[u'server']
1457,servicing,2,False,[u'servicing']
1458,seymour-cray,1,False,[u'seymour-cray']
1459,sftp,1,False,[u'sftp']
1460,share,8,False,[u'share']
1461,shazam,1,False,[u'shazam']
1462,sheets,1,False,[u'sheets']
1463,shell,1,False,[u'shell']
1464,shiny,12,False,[u'shiny']
1465,shopping,2,False,[u'shopping']
1466,short-hand,1,False,[u'short-hand']
1467,shortcut,1,False,[u'shortcut']
1468,shorthand,1,False,[u'shorthand']
1469,shrimp,1,False,[u'shrimp']
1470,shrinkage,1,False,[u'shrinkage']
1471,signal-vs-noise,1,False,[u'signal-vs-noise']
1472,significance,1,False,[u'significance']
1473,similarity,4,False,[u'similarity']
1474,simmer,1,False,[u'simmer']
1475,simplex,1,False,[u'simplex']
1476,simpy,1,False,[u'simpy']
1477,simulation,7,False,[u'simulation']
1478,siri,1,False,[u'siri']
1479,skype,1,False,[u'skype']
1480,skyscraper,1,False,[u'skyscraper']
1481,sleaze,2,False,[u'sleaze']
1482,slides,1,False,[u'slides']
1483,sloth,3,False,[u'sloth']
1484,sna,6,False,[u'sna']
1485,snakey,2,False,[u'snakey']
1486,snapsvg,1,False,[u'snapsvg']
1487,society,1,False,[u'society']
1488,som,1,False,[u'som']
1489,someday,2,False,[u'someday']
1490,sound,1,False,[u'sound']
1491,space,1,False,[u'space']
1492,spacy,1,False,[u'spacy']
1493,spanish,1,False,[u'spanish']
1494,spark,5,False,[u'spark']
1495,spectral-analysis,1,False,[u'spectral-analysis']
1496,speech-recognition,1,False,[u'speech-recognition']
1497,speech-to-text,1,False,[u'speech-to-text']
1498,speech-writing,1,False,[u'speech-writing']
1499,speed,2,False,[u'speed']
1500,sphynx,1,False,[u'sphynx']
1501,spline,2,False,[u'spline']
1502,spoofing,1,False,[u'spoofing']
1503,spookum,1,False,[u'spookum']
1504,spreadsheets,1,False,[u'spreadsheets']
1505,sprited-away,1,False,[u'sprited-away']
1506,sprites,5,False,[u'sprites']
1507,spurrious-correlation,1,False,[u'spurrious-correlation']
1508,spy,1,False,[u'spy']
1509,sql,2,False,[u'sql']
1510,sqlite,2,False,[u'sqlite']
1511,square-pie-chart,2,False,[u'square-pie-chart']
1512,ssd,1,False,[u'ssd']
1513,ssh,3,False,[u'ssh']
1514,stack-and-heap,1,False,[u'stack-and-heap']
1515,stan,4,False,[u'stan']
1516,stanford,3,False,[u'stanford']
1517,starla,1,False,[u'starla']
1518,start-here,2,False,[u'start-here']
1519,startups,1,False,[u'startups']
1520,starwars,2,False,[u'starwars']
1521,stat,1,False,[u'stat']
1522,state-machine,2,False,[u'state-machine']
1523,state-space,2,False,[u'state-space']
1524,statebins,1,False,[u'statebins']
1525,static-blog,16,False,[u'static-blog']
1526,steak,2,False,[u'steak']
1527,steampunk,1,False,[u'steampunk']
1528,steve-jobs,1,False,[u'steve-jobs']
1529,steven-wolfram,1,False,[u'steven-wolfram']
1530,stochastic,2,False,[u'stochastic']
1531,stochastic-process,1,False,[u'stochastic-process']
1532,stoopid,1,False,[u'stoopid']
1533,store,1,False,[u'store']
1534,strategy,2,False,[u'strategy']
1535,streaming,1,False,[u'streaming']
1536,streaming-data,2,False,[u'streaming-data']
1537,stress-testing,1,False,[u'stress-testing']
1538,structural-equation-modeling,2,False,[u'structural-equation-modeling']
1539,structure,1,False,[u'structure']
1540,structured-credit,1,False,[u'structured-credit']
1541,study,1,False,[u'study']
1542,stuff,2,False,[u'stuff']
1543,subjective-probability,1,False,[u'subjective-probability']
1544,sublime-text,16,False,[u'sublime-text']
1545,subway,1,False,[u'subway']
1546,summarization,1,False,[u'summarization']
1547,summary,1,False,[u'summary']
1548,supervized,1,False,[u'supervized']
1549,survey,1,False,[u'survey']
1550,surveys,1,False,[u'surveys']
1551,survival,1,False,[u'survival']
1552,survival-analysis,1,False,[u'survival-analysis']
1553,svd,1,False,[u'svd']
1554,svg,9,False,[u'svg']
1555,svm,5,False,[u'svm']
1556,swarm,1,False,[u'swarm']
1557,swarm-svm,1,False,[u'swarm-svm']
1558,swc,33,False,[u'swc']
1559,sweave,1,False,[u'sweave']
1560,swift,4,False,[u'swift']
1561,symbolic,1,False,[u'symbolic']
1562,synth,1,False,[u'synth']
1563,systems,1,False,[u'systems']
1564,table,3,False,[u'table']
1565,table-of-contents,1,False,[u'table-of-contents']
1566,tableau,1,False,[u'tableau']
1567,tables,14,False,[u'tables']
1568,tabulature,1,False,[u'tabulature']
1569,tad,1,False,[u'tad']
1570,tagging,2,False,[u'tagging']
1571,tail,1,False,[u'tail']
1572,tanta,1,False,[u'tanta']
1573,task-management,7,False,[u'task-management']
1574,taskpaper,6,False,[u'taskpaper']
1575,taxi,1,False,[u'taxi']
1576,tdd,5,False,[u'tdd']
1577,teaching,5,False,[u'teaching']
1578,tech-industry,3,False,[u'tech-industry']
1579,technical,1,False,[u'technical']
1580,telephony,1,False,[u'telephony']
1581,templating,2,False,[u'templating']
1582,tensorflow,1,False,[u'tensorflow']
1583,terminal,1,False,[u'terminal']
1584,terpstra,3,False,[u'terpstra']
1585,terraria,3,False,[u'terraria']
1586,tesla,2,False,[u'tesla']
1587,testing,1,False,[u'testing']
1588,testthat,2,False,[u'testthat']
1589,text,6,False,[u'text']
1590,text-mining,3,False,[u'text-mining']
1591,text2vec,3,False,[u'text2vec']
1592,tf-idf,1,False,[u'tf-idf']
1593,that,1,False,[u'that']
1594,the-singularity,1,False,[u'the-singularity']
1595,themes,1,False,[u'themes']
1596,things,2,False,[u'things']
1597,things-to-do,2,False,[u'things-to-do']
1598,think,28,False,[u'think']
1599,think-cell,1,False,[u'think-cell']
1600,thought-leadership,1,False,[u'thought-leadership']
1601,thoughtful,2,False,[u'thoughtful']
1602,three-way,1,False,[u'three-way']
1603,tidy,5,False,[u'tidy']
1604,tidyverse,3,False,[u'tidyverse']
1605,tiled,1,False,[u'tiled']
1606,time-series,25,False,[u'time-series']
1607,timekit,1,False,[u'timekit']
1608,timestamps,1,False,[u'timestamps']
1609,tinkercad,1,False,[u'tinkercad']
1610,tips,1,False,[u'tips']
1611,tkinter,2,False,[u'tkinter']
1612,tmux,3,False,[u'tmux']
1613,to,1,False,[u'to']
1614,to-dont,1,False,[u'to-dont']
1615,todoist,1,False,[u'todoist']
1616,tokenizer,1,False,[u'tokenizer']
1617,tools,11,False,[u'tools']
1618,topic-modeling,11,False,[u'topic-modeling']
1619,topology,1,False,[u'topology']
1620,toyplot,1,False,[u'toyplot']
1621,trading,5,False,[u'trading']
1622,tradition,1,False,[u'tradition']
1623,transcription,1,False,[u'transcription']
1624,travel,3,False,[u'travel']
1625,travis-ci,1,False,[u'travis-ci']
1626,tree,9,False,[u'tree']
1627,trello,1,False,[u'trello']
1628,trump,1,False,[u'trump']
1629,try,6,False,[u'try']
1630,ts,23,False,[u'ts']
1631,ts-classification,6,False,[u'ts-classification']
1632,tsfresh,1,False,[u'tsfresh']
1633,tsne,2,False,[u'tsne']
1634,tufte,4,False,[u'tufte']
1635,tutorials,1,False,[u'tutorials']
1636,tweenr,1,False,[u'tweenr']
1637,twin-dragon,3,False,[u'twin-dragon']
1638,two-cultures,1,False,[u'two-cultures']
1639,uber,1,False,[u'uber']
1640,ubuntu,1,False,[u'ubuntu']
1641,udf,1,False,[u'udf']
1642,ui,1,False,[u'ui']
1643,ui-kit,1,False,[u'ui-kit']
1644,uikit,1,False,[u'uikit']
1645,unit-testing,7,False,[u'unit-testing']
1646,unity,1,False,[u'unity']
1647,unix,7,False,[u'unix']
1648,unsupervized,1,False,[u'unsupervized']
1649,used,1,False,[u'used']
1650,useful,120,False,[u'useful']
1651,user-interface,7,False,[u'user-interface']
1652,vacation,1,False,[u'vacation']
1653,valuation,1,False,[u'valuation']
1654,vang,1,False,[u'vang']
1655,vector-graphics,2,False,[u'vector-graphics']
1656,vectorize,1,False,[u'vectorize']
1657,vendor,1,False,[u'vendor']
1658,venture-capital,1,False,[u'venture-capital']
1659,venus-flytrap,1,False,[u'venus-flytrap']
1660,venv,1,False,[u'venv']
1661,version-control,8,False,[u'version-control']
1662,vi-hart,4,False,[u'vi-hart']
1663,video,2,False,[u'video']
1664,video-chat,1,False,[u'video-chat']
1665,video-editing,4,False,[u'video-editing']
1666,video-editor,1,False,[u'video-editor']
1667,view,1,False,[u'view']
1668,vim,10,False,[u'vim']
1669,vimr,1,False,[u'vimr']
1670,vimrc,2,False,[u'vimrc']
1671,virtual-desktop,1,False,[u'virtual-desktop']
1672,virtual-environment,1,False,[u'virtual-environment']
1673,vision,1,False,[u'vision']
1674,visual,2,False,[u'visual']
1675,visualizaion,2,False,[u'visualizaion']
1676,visualization,21,False,[u'visualization']
1677,vocabulary,1,False,[u'vocabulary']
1678,voice-interface,2,False,[u'voice-interface']
1679,voice-to-text,1,False,[u'voice-to-text']
1680,voip,1,False,[u'voip']
1681,vol-cone,1,False,[u'vol-cone']
1682,volker-rule,11,False,[u'volker-rule']
1683,vonnegutt,1,False,[u'vonnegutt']
1684,vonneumann,1,False,[u'vonneumann']
1685,voxel-editor,3,False,[u'voxel-editor']
1686,vtreat,1,False,[u'vtreat']
1687,wages,1,False,[u'wages']
1688,waltr,1,False,[u'waltr']
1689,war,1,False,[u'war']
1690,warren-buffet,2,False,[u'warren-buffet']
1691,watch,1,False,[u'watch']
1692,watson,5,False,[u'watson']
1693,watson-paths,1,False,[u'watson-paths']
1694,we-transfer,1,False,[u'we-transfer']
1695,web-app,3,False,[u'web-app']
1696,web-scrape,3,False,[u'web-scrape']
1697,web-served,16,False,[u'web-served']
1698,web_app,1,False,[u'web_app']
1699,webcam,1,False,[u'webcam']
1700,webdev,104,False,[u'webdev']
1701,webmail,1,False,[u'webmail']
1702,weekend-adventure,1,False,[u'weekend-adventure']
1703,weibull,1,False,[u'weibull']
1704,weird,1,False,[u'weird']
1705,well-tempered-clavier,1,False,[u'well-tempered-clavier']
1706,werewolf,1,False,[u'werewolf']
1707,westchester,1,False,[u'westchester']
1708,wget,1,False,[u'wget']
1709,which,1,False,[u'which']
1710,whose,1,False,[u'whose']
1711,widgets,2,False,[u'widgets']
1712,wiki,1,False,[u'wiki']
1713,wikileaks,1,False,[u'wikileaks']
1714,win-vector,3,False,[u'win-vector']
1715,wind,1,False,[u'wind']
1716,windows,8,False,[u'windows']
1717,winsorize,1,False,[u'winsorize']
1718,wise,45,False,[u'wise']
1719,wolfram,3,False,[u'wolfram']
1720,word,1,False,[u'word']
1721,word2vec,3,False,[u'word2vec']
1722,wordcloud,7,False,[u'wordcloud']
1723,words,1,False,[u'words']
1724,work,1,False,[u'work']
1725,workflow,2,False,[u'workflow']
1726,workflows,1,False,[u'workflows']
1727,working-copy,1,False,[u'working-copy']
1728,workout,1,False,[u'workout']
1729,worth-of-information,1,False,[u'worth-of-information']
1730,wow,3,False,[u'wow']
1731,wrangle,11,False,[u'wrangle']
1732,writing,5,False,[u'writing']
1733,xcode,1,False,[u'xcode']
1734,xlwings,1,False,[u'xlwings']
1735,xts,2,False,[u'xts']
1736,y-aware_scaling,2,False,[u'y-aware_scaling']
1737,yaml,3,False,[u'yaml']
1738,yeah-boii,1,False,[u'yeah-boii']
1739,yhat,8,False,[u'yhat']
1740,zen,1,False,[u'zen']
1741,zero,1,False,[u'zero']
